x1,x2,x3,y
0.4257881153165963,-0.3257440766821236,-0.812632180280134,0.04053566639862269
-0.23008188775300908,1.0,-0.029008056898899293,7.6121665803637715
0.7499565849802168,-1.0,-0.5979346552857359,-8.102604539674287
-0.8169208787971591,-0.474094805227518,-0.6544221539690365,1.377509286652541
1.0,-0.07280398093865026,-1.0,7.7688650636325445
-0.14969264329878795,-0.9175058814889576,-0.4543931459224946,1.6289942207009847
1.0,0.9521444281909692,-0.10083529328188234,12.243578841866512
-0.1747212751647893,0.3655767758010804,-0.1693330104301829,-0.3380457642287564
-0.010422552377183925,-0.14615647834725465,0.25351771616135355,0.8041455757269838
-0.7900425312688935,-1.0,1.0,4.748918389124093
-0.38017620418907794,0.4398735107220366,0.7334914709110487,0.08600412689807914
-0.8204003943782248,1.0,0.528740254326282,2.458592778744057
-1.0,-0.02116026864802678,0.20248579849600623,-4.387691110953217
-0.01694629486736221,0.8140985012743609,-0.25291473943025156,1.5148139506732694
0.531688790582256,0.07823151808081819,-1.0,-2.6266992477519038
-0.34240870833790304,-0.2986889535523345,-0.5532950602897395,0.7097417930928358
0.35147395934371994,-0.3434154946997916,0.16696184570249595,1.40998177514355
1.0,-0.2108262392781426,-0.7032411170492521,6.496377503854725
-0.46681412523969756,1.0,0.7535186102786342,9.009912576800206
0.7608343594145572,-0.7309294118540248,0.1929834643264967,0.542944931208176
0.8493181250974107,0.3689280452291639,1.0,9.9988301703777
1.0,0.6504903140935676,0.7724697984859781,15.639109356150717
1.0,-1.0,0.3093579608536814,-7.650871080786434
0.37137005781729693,1.0,0.8148893237592174,8.271878542827546
-1.0,1.0,0.504013970976773,1.3926999917458056
-0.9546234926192851,-0.6553786442185439,-0.3348499189619374,1.990273978293347
0.9026390596805218,0.22639738261236753,-0.4788995863647294,2.8247906707604185
-0.6037537281183698,-1.0,1.0,-0.5845226491423016
1.0,0.53735668881768,0.15480610020529673,7.839790478003591
1.0,0.43723991737229406,-0.3830761852260429,5.037691368458612
0.6806278214300228,1.0,-0.9770686776103594,11.744550852911987
1.0,-1.0,-0.12554360603449255,-9.383368067279786
-0.5723512878602033,0.12889123669032587,-0.42652996289485023,-1.338642107543516
1.0,-0.6724984276793904,-1.0,-1.8879722619365529
1.0,0.5072614176943238,0.7382480850614697,13.340541923562398
1.0,1.0,0.01413982799583402,13.824357725456208
0.7662880901840088,-1.0,1.0,-6.413817294806411
0.5159948195445077,-1.0,-0.7721618800689738,-8.90477554123935
0.6188980625789602,-0.4464757628796019,0.9378679643830741,-2.048924383583399
0.24604016135208284,0.668901609529893,-0.1450138332251092,1.7316393095192968
-0.2949928083810849,-1.0,-0.1381342522868101,2.3688237139146686
0.07361492841974315,-0.2870291315325344,-0.9346702274311143,-1.402390145971698
0.7006636224940257,0.40991835273793376,0.3550146539237633,2.8384869619683424
1.0,0.569201000715089,0.6498655115161267,12.074347627274026
-0.25461319920124126,0.39231354088432036,0.47358663613648133,-0.11319450446340407
-1.0,0.2999375663067656,0.6589694525185341,-4.540157953175673
-0.5025030654092262,1.0,0.08733086005009727,5.073928968715105
-1.0,-0.003665269169477181,0.32171053774056,-3.643798344922847
0.5282609868827579,-0.20604251634276305,1.0,-2.8765094670261244
0.3623721426728954,0.25052527874119823,-0.025710396152172077,1.508178125413306
-0.13951844775595812,-0.2732571063311404,-0.6115778602401023,0.38131985453088185
0.2993131194404468,0.7191446163351922,-1.0,-3.6333317587873353
-0.19988741921742315,0.6142695653928125,-0.629756545638628,-0.1258389695181238
0.15515133768097433,-1.0,-0.782971454998352,-6.286201604099594
-0.7674660500473365,0.18716552089966387,0.2546962715414596,-1.391962429915783
0.16675338172113818,0.17948262483375066,-0.3573655546095147,0.4654613641803674
-1.0,0.6385930763123966,1.0,7.021270610194681
-1.0,-1.0,0.24594134847358462,9.655238454962134
0.40429293412712775,0.6190889729322071,0.2198203023084806,0.9038866175167861
-0.31105609880587837,-0.42577093116092035,-0.47598076045494664,1.1814855998910878
-0.32735655573159894,1.0,-0.013625053306269841,7.294547052994714
0.7591865545369734,-1.0,0.1641313076902926,-1.9036717547947481
0.4292312432732197,-1.0,-0.8434067400190282,-10.443843103023688
-0.4728470879755231,0.04250558850852859,1.0,1.786062529906557
-0.6401121609118687,0.17296556193981982,0.8578287713144137,1.2446779162792154
0.12954997073733976,1.0,0.7281173320066487,9.000458195099016
0.5578141947026074,0.4018766447163453,-1.0,-2.2269996560041063
-0.07252648284833185,0.6339621468430157,-0.3992886478525679,0.898982568454237
0.43253224544820257,0.6770459898167247,-0.398344604050781,1.934593680869872
1.0,0.5625949059540913,-0.09070362426327838,5.8206776897513075
1.0,-1.0,-0.045419397169603304,-8.141183250897553
-1.0,1.0,-0.4281794633496987,11.651543844434526
-0.10278894738985644,0.4063373845693161,0.4935071237631805,0.5176329349360242
-0.2591685501359713,-0.7895019697288588,0.002029296780252432,2.006686582791194
0.5109962414794991,0.28442416659337066,0.7366471734717492,1.7898720450470798
-0.9064961127394904,-0.16341701459893754,0.7769052022182463,0.2614833460941549
-0.969315074904098,-0.05505485962700174,-0.1498827648356471,-3.528479982361027
1.0,0.48702162723781783,-0.3918189846451656,5.7507831394462166
0.27129920426367216,-0.7517011513808782,0.19961224454389037,0.74497754221795
0.7670119462069507,-0.7151500209405233,-1.0,-8.96858050007828
-0.8213759676920316,-1.0,-0.07683316073963975,5.760214577865064
-0.8451228590052318,-0.8398058907098698,1.0,9.394569277426536
1.0,0.5333771365179698,-0.3150398582326137,6.06934184992976
0.4431640409110442,0.11647240925405433,-0.06816794239469814,1.6827601818736275
1.0,0.5043847012013893,-1.0,12.773259726759736
0.19329113309427148,-0.5814839350814072,-0.410082712976805,0.9213107668766466
-0.4720880788392001,-0.10403071801430985,-0.986417041210431,-1.1235481626046457
0.9541930112031396,-0.8107625662533093,-1.0,-9.427993712946186
0.28032118792733796,0.7369206713609124,-1.0,-2.7333956563130863
1.0,0.20650842803664027,-1.0,9.776661629696223
-0.3634641032447956,-1.0,0.6701974039385106,0.8959979843721083
0.3194630923880719,-0.9798749445712558,0.5519296978614328,-0.12546044784728042
0.23219061982585276,-0.8571857662452311,0.36074354981180146,1.639098262418472
-1.0,1.0,0.7597131489953923,1.6173995953852756
-0.7207787645232042,-0.6304605158258574,-0.31252057400587674,1.4375498385803893
-1.0,-0.05169391931911482,0.27186447134686853,-4.277818168222501
0.36020834932778967,-0.27252780345310224,-0.9152821356613192,-1.4310146506708714
0.09348872181032664,-0.6663960063260495,0.3592987486378403,0.8601620209676759
-0.14101392544438274,-0.2579316657394204,-0.26143069373680405,0.6410615316440365
1.0,1.0,-0.5892133550370384,22.090245960210126
-0.7700164239809475,-0.5222514477213693,1.0,4.2113090729396445
-0.5863119823531571,-0.7774552367597629,-0.18697241242090912,2.893762030140308
0.7316263098640741,0.027612286397641572,1.0,2.6887307940702767
0.20206932674976463,0.2112236327195438,-0.11437974139164608,0.7721271237925579
-0.2586250819020053,0.35492589663982455,0.2852399720090806,-0.08847142779022116
0.04171400810378656,0.9563832739349365,1.0,10.688334566548399
1.0,0.24001792974327518,-0.36255531216076786,4.377895676919831
-1.0,0.22373779252099313,0.6941355294964768,-3.5451525753183897
-0.5067477289253186,-1.0,-0.03981788270262565,3.240612979100257
0.5444789854448899,0.1528424947771989,-0.45983783829954916,0.862651727899537
-1.0,0.3465392911735474,-1.0,15.79162203161828
-0.15562487481228304,-0.8431756528703993,-0.21469432055506665,2.4352043184946446
-0.02029902657296856,0.4794332096878742,-0.09864966235868322,0.5927252278807107
-0.08152374776470084,-0.6584480368526655,-1.0,-7.987774249132085
0.1735695786052287,0.7893652043369934,0.2519957181094368,2.3993072249656744
0.36594414703501243,-0.5239159429795033,-1.0,-6.247809280283756
-0.7152864646935544,-0.7233927436522154,-0.9178899413638866,-0.6355441360626582
0.9350443791110903,-0.42490011879709133,0.06022911816661369,2.56594879968381
-0.3197210205112979,-0.13308983827509824,-1.0,-2.2113551921888392
-0.7767889382996718,1.0,0.44047165606154004,1.7780198491801282
1.0,-1.0,1.0,-9.832620326533748
0.23216742804024904,0.8063571442316102,1.0,7.841993877682209
-0.9826234099008075,0.2183016897200709,1.0,3.0181925768507174
0.4176743701180543,-0.4469706300231122,0.2250248756010218,2.072479838752028
-0.45106202524131134,1.0,-1.0,0.772828457615314
-0.023603406725746234,-0.7790565095727819,0.6500420897191155,0.9797510418418851
0.46480564035314864,-0.31858876254340385,0.9919065672603713,-1.9790245709476948
-1.0,1.0,1.0,17.562837419466728
-1.0,0.7323197278515057,0.5292813894403947,-3.980252556211285
-0.7542552949938479,0.6978144340755146,1.0,7.599211712577526
0.7091900157484639,1.0,1.0,12.729728761363651
0.9151569018513872,1.0,0.7555797258885937,13.458694354367843
-0.8363639193978962,-0.0365287754320629,0.7261235507550643,-0.8347897545698304
0.2495097625598688,1.0,0.25712754826007767,6.640966451575915
0.40347000608019656,0.2528537310758896,0.1482681801489003,0.3126421403445736
-0.8542846245305895,0.7125913084598698,-0.23474560714839376,-1.5772411347388986
-1.0,0.36540790513065846,1.0,3.7460671385587956
0.15730043663823357,-0.9857006133189052,-0.0872359444666373,1.8042625547270774
0.23655761081544213,0.05807111342384119,-0.5200475527966428,1.5642627394458763
1.0,-0.5886559549819199,-0.5545675713238929,4.71051693158452
-0.4564887335690766,0.19297568419171607,0.2727208276947064,-1.1005324580714828
0.5922395883555482,-0.026259684339796197,1.0,-0.4005107951420477
-1.0,-0.08364274875531463,0.7582702415253955,-1.2852647449731773
-0.6232648479125447,-0.4762015095182368,0.7240806851646149,1.5203184082775067
-0.7560976850849865,-0.813058983988648,0.7861849902046554,3.900352196506907
-1.0,1.0,0.8112260997263918,3.6276421457985557
-0.11193352403060941,0.060744056387189715,0.2817198948363935,0.17044296368206985
0.4262777138273277,0.3771084183511255,0.945045391721705,1.5828424028410395
1.0,0.3277110118830857,0.19787313854507715,6.388427943095262
-0.32016259949574044,-0.9869131732680494,0.11908922362682173,3.145519306911297
0.5479274649737809,-0.05006491085985343,0.6878036455227066,1.3098246859641052
0.4917748960725159,0.47350878154117026,-0.08948572214842088,0.7960588823696739
-0.43544359283569567,1.0,0.7021780023342403,8.128500916522434
0.6463914054477875,-1.0,-0.2529999736820292,-2.4747749680340636
-0.9012309139259644,0.5789343616754394,-0.8028995226123918,3.0874768379765993
-0.3345810607520523,0.6308812276689191,0.39918837852790445,-1.189221666187618
0.2822720318984031,0.23735479932569414,-0.30186325446739914,1.06797919429531
-0.3682088372802428,1.0,0.6177884626731751,8.25269381047959
-1.0,0.044508548207148335,0.8780394468607851,-0.8776653855948465
0.4208174665168778,-0.024406228634972216,0.5641469494845077,0.8725102520019837
-0.47661186455491666,0.22140760476504462,-1.0,-1.4313345525660577
1.0,-0.4656602623888415,0.07026975240957745,4.648540631289577
-1.0,1.0,-0.8594090921925457,15.831856744324401
0.5964621196669113,-0.8254390791016784,-0.8078906343511179,-4.324104050936791
1.0,-1.0,-0.08112612943134168,-8.413247120545858
1.0,-0.12606276882047673,-0.28360767596628444,3.9165040671731504
-0.5230129396565157,-0.7035976256110645,-0.9157349030588844,-2.7326088068538157
1.0,0.9305200760782637,0.5340296523429142,12.952836008467182
-1.0,-1.0,-0.47701651994552363,5.455388577158233
0.21352329566668415,-0.4599619521871434,0.2110692000079566,0.9271176708879277
0.22844095786795604,-0.25200362193340164,-0.44332911226471294,1.3049011798278713
0.7848010541482373,0.24003532807696049,-0.265021806455463,2.231200764785136
-0.002832914112418372,-0.23138670222759528,1.0,-0.5714971851566041
0.7098512092630724,0.8969059684118963,1.0,11.473454041378815
-0.14865485942642387,0.8544830079537644,0.6591994569755264,3.1954113213619117
-1.0,0.790850962007343,0.5346409482170607,-2.883314050245037
-0.7069509927803446,0.6895277547036831,1.0,7.2639594724902485
-0.5628331829868056,-0.4004610827988586,0.25699919790618364,1.1320315711552478
1.0,0.7147196663367339,0.6388475287273581,12.330108129782396
0.4535350707842307,0.8679871431002764,-1.0,-1.2899407759578119
1.0,0.3782250237468019,-0.3013175531229362,4.943583359291945
0.1006238970988429,1.0,0.06771773760362243,7.855986134938332
0.9325601366305281,-0.32325588141486006,-1.0,0.9737485029467967
0.8447424142644628,0.42188478969966936,-0.8442747796621399,3.285028600213872
1.0,0.9203351076850959,0.9606760847264961,23.69390872110895
-0.42237703694644835,-0.584085754559329,-0.4155782598161477,1.1146161078724333
0.29074598122828554,1.0,-0.5968292248808573,11.171764219402869
-0.6822551970789641,-0.5131546252655208,-0.6605173811721778,0.9033022217235709
-1.0,-0.6735284325107131,-1.0,5.3219067463455
-1.0,-1.0,0.27327425265549676,10.494349069440386
0.2202938338056526,-0.9515192469437193,-0.028145959048201385,1.3366012722925358
0.11273837505831397,0.13447362604997992,-0.27664465772821,1.3856478159910266
1.0,-1.0,0.255293427098507,-7.574642732492119
-0.8099897250534678,-0.47989124459460086,-0.4035525994593012,1.7813647375087036
0.29246630460023093,1.0,0.46751593015364,7.205144135455945
1.0,-0.5531938011954445,-1.0,2.022205700964389
-0.23706460941264895,1.0,-1.0,2.061386188321186
1.0,-0.10281239089438521,0.8053794862371957,8.918815061659313
1.0,0.29010642198757175,-0.045200466898205116,4.9698792638275435
0.6595719837763716,0.33990787961397584,-1.0,-1.1345094449961994
0.12245338842389297,0.1999631555018213,1.0,0.9570947277803571
0.22854943934687988,0.982810434483326,1.0,10.652521063688878
0.24857009624216886,-0.8001033885529238,0.7924313666441964,-1.6130600740482208
-0.06863705050472779,0.3178890333666242,1.0,2.203622488624314
-0.9590201522748907,0.8932682059940282,0.2329573634733717,0.6809190526570102
-0.06473004197316046,-1.0,0.05849343592000156,1.9599438553350366
0.1903482597835917,-0.5940764728606429,0.4682192756855206,1.3057556557077565
-0.5087201414298008,-0.06263894542690651,0.33964790890475416,-0.7221938112215516
0.8996244900720434,-0.902459930008739,-0.2638024339939782,-1.6020634960896327
0.36117876864149956,1.0,-0.6264501193449721,11.266684825631085
0.2778089284316456,-0.13041624055417866,-0.4947272220301029,1.4261088123820929
0.07648426909581585,0.6055823248456074,-0.6206556054841426,0.20606838034100933
0.979608884563546,0.08437370410837608,1.0,12.536132380824418
-0.03426197960291,-1.0,0.4754608808681584,0.8461013047312229
0.41814238299967554,1.0,-0.816753127387569,11.749974407874214
0.3079647132477603,0.2425767553244722,1.0,1.466444471236758
1.0,-0.9704537525581662,-0.6375729657426612,-9.51344338030458
0.23296126759711,-0.6308744074166726,0.4463627139978483,1.687868926245187
-0.5591211065921087,0.9387383674540042,-0.7528498213908217,0.4557013412466996
-0.9803633983896125,0.2217776063359307,0.4311875628407762,-4.194259368706698
1.0,0.30314269980522357,0.8087345151643757,13.32474009739141
-0.7832744344463065,0.7039439126121976,0.16943135453965086,-2.720309463785475
-1.0,-0.10292047215538558,-0.9656133495136456,7.979828327000525
1.0,-0.5520388434542014,1.0,3.924752990344734
0.1324979351416149,-0.6899029029940664,-0.42883871260112705,1.304149201503904
-0.9319196128412124,0.03652773602361559,0.43088985302620886,-3.3881012605774132
-1.0,0.8828297911424452,0.3954671336623412,-0.9963947585801518
-0.9514462600539901,-0.18495494229302722,0.6601669572649629,-1.2482809703022557
-0.961929014140513,0.13098545042079435,-0.029933496140383653,-3.5554801024240805
1.0,-0.648724709776896,-0.666971494862207,4.312462621258229
-0.533519092616838,-0.623184833647314,0.6868943148823679,0.6678092396877189
1.0,-1.0,-1.0,-29.692601042379817
-1.0,0.4946844842104261,-0.35125107066023165,-0.5655522452835506
0.12437398999018279,-0.6235736697206842,0.47243226790955095,0.16480859808487924
-1.0,-0.48886635844427806,-0.8729549996043429,2.500369145733118
0.10051324500808279,0.17887665296315958,0.8811013749408594,0.2019993049816064
0.8097383214999632,-0.5363801575341578,0.9401353665367418,0.5448284019730233
-0.1079195809550253,-0.7538041589274485,0.12227545973778331,1.7706708468899606
1.0,-0.6874409506730277,0.5092899512566038,2.541944786669233
-0.7331301384638991,0.12843503453033,0.5673171483683259,-0.8154762732600164
1.0,-1.0,-0.6685945966969349,-13.980556478727532
-0.9561171289560058,0.4489701018694916,-0.28342837149634614,-2.363782299671981
0.6389091311452146,-1.0,0.6595571735880013,-1.4762737933935386
0.14031559321356846,-0.5834636581764272,0.7918480385249782,-0.25356581660001
-0.2672572244712488,-0.3813213706448637,0.06196183256727239,0.06961783603914518
-0.6049718433815081,-0.9261880102660827,-1.0,-6.675535128911088
0.3361686382515281,-1.0,0.7376133523935338,-1.3822002198155858
-0.5051107334696814,0.6912091532919493,-0.09652796712054212,-0.36287458339966794
0.6067559123831594,0.9246573469700834,-0.7574219482440983,7.4291450849281215
-0.6590341921547636,0.5691176398366444,-0.16924797372255385,-2.312365354277705
1.0,-0.09059946899907523,-0.7472056284277269,6.279716417384035
-0.21280096904152757,-1.0,0.40753421882839946,2.4401740025399685
0.4643079004319406,-1.0,0.6401723749022856,-1.3440696092826918
0.46592222038251463,0.04598156157790534,1.0,-0.46195295169113537
0.41346794778918206,-0.1746820464104435,0.6951961244542009,0.9728914268235341
-0.6111714386676692,1.0,-0.8757392537336304,2.214461751706855
0.07913578546643252,-1.0,0.027443720992529785,2.7274166282806056
-0.8930080562262355,-0.01641816783600958,0.4667018462926067,-2.9860452770876473
0.3759022265243481,-0.11801098008812216,1.0,-0.7208185295476537
0.022626690051663623,-0.3094837142221385,1.0,-0.7841023047208149
1.0,-0.31054130918289946,-0.017668274014070562,4.218750451133989
0.46247875397294913,-0.7319549140922108,0.1942501746932579,1.8288835419520324
0.29412246312173473,0.836432012482127,1.0,7.25966537638124
-1.0,0.07639837469534294,-0.5467063565640531,-0.8649732451196472
-0.41061630931611415,-0.36470179730583907,-0.21151048625901026,0.2453824849476985
0.0253756096558575,-1.0,0.6401791310235592,0.3654312485506122
-1.0,1.0,0.32753443706783547,3.321415286270524
-0.17888526786971726,-0.13118882949413946,-1.0,-3.779946406560061
0.1988558219630443,0.018693103485583507,-1.0,-2.7438734864745475
1.0,1.0,0.48673244299765095,13.98337714193769
0.48022912122586114,0.21930281235446603,0.5528338129585488,1.8675016771267334
-0.0002354081232469607,0.917465113665245,0.1430684899301511,4.567791939778309
-0.4330593446704756,0.21715217649642282,0.49832945055560973,-1.2926166411262487
0.6941023293301758,0.7262210589600786,0.014670453814995321,2.626203832590037
-0.37217537909528553,-1.0,0.13761233690503838,3.106365988859539
-0.1890475503791038,-0.19034772393701194,0.7737663577991827,-0.4091270676659481
-0.279222989797965,-0.5438742577771214,0.5368708073948596,0.7349759813211774
1.0,0.06284723668284409,-0.36859668133641055,3.699935894039354
-0.8173748932170286,0.3607286456779004,0.09728471900518798,-3.345042982007427
0.022092062737424145,-0.7128153376994171,-0.5175282320673857,1.5483505925305634
-0.5488027527822603,-0.5616342771041392,-0.10331589300294652,1.175379098357074
-0.017440842688254854,-0.09662993053609137,-0.929506633704436,-2.1094726147354628
1.0,-0.6598528022946106,-1.0,-2.110162029492013
1.0,-0.9149705214387236,0.06777577096250886,-2.940481501729807
0.40656697997172664,1.0,0.07956877890471703,8.061786773044732
0.1687843198066732,0.2821803814222288,1.0,1.6735528252996696
1.0,0.41573584172142963,0.3582895167389193,7.676669658619806
-0.4854989751401586,-1.0,-0.1298652676243981,3.5911628694723303
-0.09756580571398987,-1.0,0.8499599582070347,-2.4677915240085238
-0.9869653039977277,-0.346876638516431,-0.955126253516144,5.594252245018619
1.0,1.0,-0.4611001054429522,19.398346577688926
0.3515006248133892,-0.7273768321374403,1.0,-4.4414117898502665
0.13299520378035434,0.16132736316581542,-1.0,-2.899259843368443
1.0,-0.38371979369646914,-0.8862416712819756,6.102053235243291
0.07612916477347231,0.06393342572982963,-0.2984173596132589,0.7261245064093983
-1.0,-1.0,-0.9508007945628014,2.574464758669488
0.7671302092305208,-0.8340022675192102,-0.5459109685711858,-1.159220438093098
-0.377034870797891,-0.8415953820078477,-1.0,-8.171838265918202
-0.4818638578391239,0.3504540343785012,0.0784759984030301,-1.6024604541251593
0.9396965924122174,-0.15698343253344937,-0.9505351615097877,4.512182585888677
1.0,-1.0,-0.9530796154466235,-25.016235780747877
1.0,-0.6069774732106674,-0.3198229484823276,3.076850957149147
-1.0,-1.0,-1.0,2.6839060140797937
0.8265406824762909,-0.26754263500467235,-0.1763408075773405,1.3177099739735292
-0.2900160191161527,-0.032064274679223015,0.8410591799030336,0.5429505420186719
-0.45000823807459334,-0.8248419483364786,0.38264687463191693,2.4629526581144647
0.8100619159029137,-1.0,0.4133680388701213,-3.7136150660077942
-1.0,1.0,-0.31382775763213355,11.511974368688014
0.6527618952971654,-0.44326670059508744,0.1158233869379326,1.0273526352008333
0.2516769425384999,-0.20303275764962603,0.7449337429099459,-0.44588839464977437
-0.29753216663324533,0.5814268840130081,-1.0,-4.080399812029173
0.44559738431880525,-0.8167025541171238,-1.0,-11.93606998336149
-0.8428295689169227,-0.06604725091831609,-1.0,5.20237210626357
-0.6910254345693592,0.38255911622277505,-1.0,1.4816184835337098
0.44852709530871415,0.7176326834341118,-0.36714666216657466,2.3018682112070854
0.4176838272909116,-0.9481727817806549,1.0,-5.150074455649225
-1.0,1.0,-0.04834427877133951,8.239520694934395
0.5219730776852105,0.2835520958699844,1.0,1.627632711160196
-0.17617371196585196,0.15543344580451945,-1.0,-2.7571406399085037
-0.9431189598209944,-0.4857561569272715,-1.0,5.9795025122210435
-0.2588354338282892,1.0,0.4991028436200644,7.374291999765149
-0.5071330304969168,-0.5666977763505945,-0.34103866357436674,1.7348416806253775
-1.0,1.0,-1.0,21.65172673715305
1.0,0.4221508982454163,1.0,20.663988434804978
0.1439342011071889,-1.0,0.7235319776007734,-0.9342373283351403
-0.28567565594577937,-1.0,0.7736908314272335,-0.18617178566515868
-0.4913453202597351,0.2482612990430213,-0.8944924385058319,-1.4535096576611422
-0.023124684826687725,0.7704598477767721,0.20717473551316257,2.1746051459231452
-0.4711868055314976,1.0,0.4972401739773693,6.678894195207237
-1.0,-1.0,0.9929453555561976,21.43995038843591
0.7192606833075204,0.2933699258601321,1.0,4.3801779573743636
0.6404379078964955,0.9275716828921892,-0.30077763592301254,6.331193056044654
1.0,-0.14584502308829306,0.9148732583704506,8.740039203883047
1.0,-0.9620841045503365,0.22809982311284993,-5.048207561511816
0.24056994023628153,-1.0,0.8183936485532048,-2.9289911829983946
-0.05296779250641226,1.0,1.0,13.148902537254267
0.9187093386162608,0.5615398782323193,0.06014852272715432,4.72993173459032
-0.7944282110130954,1.0,0.16152864283282264,3.119319167581647
-1.0,1.0,0.551356590638604,1.0410831992942362
0.6991888619296904,0.943902723889789,-1.0,6.751602419465779
-0.030581076295498777,0.17768933894863959,-1.0,-3.26894580538185
-0.17364972631072884,-0.7157497935170687,-1.0,-7.344490154316393
0.23590279161900973,1.0,-0.17730513787159197,9.3336256738298
-0.12387619783259196,-0.9825926197949106,-0.7747829498297967,-5.166712068868931
-1.0,-0.36756535895325526,0.08564840506777927,-2.7383518509694955
0.44399693438138477,0.3076561446715871,1.0,1.0913888696860905
-0.45408909804219766,-0.3085431822087654,-0.26069976702831554,0.2831692469018272
-0.8382439680455418,1.0,0.09523806376805055,3.573362092379621
-0.8694775140034132,0.5701886915998733,0.4088322486744065,-3.8629113045186685
-0.15556455861792573,0.4968421064533808,-0.9492937333227198,-2.9104765609117047
-0.12350723419912568,-0.012610039336796941,-0.46080225616463943,0.7063818155681466
-0.00837352649309131,-1.0,0.738946080382884,-2.2686883853460347
0.29036191553319024,0.4630765483593404,-1.0,-2.841308361278716
0.36945259855236845,0.0031962277945800643,1.0,-0.09679677902173262
-0.3198158674356857,0.41115966589362185,1.0,2.9308704612780803
-0.30627762638495515,-0.9307436827475808,-0.062136843898751515,3.256158768727048
0.09829900430787442,-0.23902880359684375,1.0,-1.3180923028484641
-0.3661519478622344,-1.0,-0.3611626084568056,2.6080476876841416
0.2154643268904135,0.4449342752787593,-0.10391165151030357,-0.03543563690087126
-0.4974147067278327,1.0,-1.0,1.1632603289370242
0.48111064277481175,0.0038496769953209053,-0.3702424721038289,1.4148877525048342
0.6525658228543973,-0.6732881706075968,0.807735648029934,-0.642431467573018
-0.7820814475671547,-0.11452566732799108,-1.0,4.3382824469557875
0.7688554327589774,0.591247654580185,0.9965836037542868,10.474784849813602
-1.0,-0.29630224605091393,0.315755969248676,-2.8480082924024397
0.755466501727523,0.6195442325188916,-0.49719234426164993,1.2925515574849658
0.2149391296837635,0.6409985168382062,0.028919231172616078,0.6049436103084509
1.0,-0.6156511392730206,1.0,3.52183886895423
-0.7154099663838027,-1.0,-0.5195822150550804,2.9063883822610435
0.22575529743903555,0.3575370793791073,-0.7285538503107254,0.2639374296492897
-0.1294245757015784,0.12533581103087577,-0.6162776202946767,-0.42463336062162693
0.0707757956858166,-0.010968196617059833,0.8346887391803559,0.13877844374338466
-1.0,-0.6126476953643949,-1.0,5.163122353490392
0.36267943185315255,-0.5817398107303338,0.0751944979124819,1.0098033653478566
0.3084173651320934,0.6952367735144565,0.38488623285530577,0.8617046164312778
-0.38800500057482723,-0.5967691006596156,-1.0,-5.226519616164672
-1.0,-1.0,-0.07250675662310413,7.378516676779205
0.2689229643889979,0.29461054469067105,-0.7060003781716611,0.22297501575422285
0.47298284965380444,-0.6994338315221287,-1.0,-8.835267186969022
-0.4936607416593335,0.5692076890348079,0.23357788485687592,-0.9379181279922477
-0.383528463479075,0.6555577430228947,0.003195303747763889,-0.4337078595092739
-0.5855405167519854,-0.020124504986055003,-0.8929641759984195,1.1844159464664532
-0.6471089770717648,-0.6686348877162911,-0.7558489332544231,0.14996973772580457
1.0,-0.30584657411701444,0.07735028290258783,5.142993844221777
0.7302287433037078,-0.12429433379964672,-1.0,-1.8594218294914215
-0.6753781380435899,-0.7415497374729054,-0.9974324288411309,-2.108814230042516
0.079085366057142,-0.25302111335626787,1.0,-1.7487909946683
-0.38233468763653833,0.9154132377402362,0.28983428841340086,3.893017391806194
-1.0,0.14215664317156662,-0.20000567621462828,-4.318950837286513
0.8081875531398233,1.0,0.22804371281268931,8.330524178249009
0.6127240765711588,0.8010176071552926,-0.44964763779007755,4.77264728521155
-0.5353474714483122,0.588687043767326,0.5763537294172418,-1.76162010596286
0.4380058757646472,0.32840604373486837,-0.2522713327682471,1.2209033007408705
1.0,-1.0,-1.0,-29.43635890687461
-0.15191594011503495,0.14375107741324422,-0.2655694534867217,0.06111890066545303
1.0,-1.0,0.8748391165977829,-6.822236050287047
-0.44029406645253966,0.758895150217894,-0.34013528521897296,-0.6494315218283647
-0.8269469240432288,0.7805419421810553,1.0,9.270814432080526
0.30146929845866244,-0.33270366669672846,-0.6631240006245729,0.9430693961365032
0.0892090717597267,-0.9087958924874564,0.8841638874885636,-2.399467705811521
1.0,-0.4166709210245134,0.2322354375636808,3.7381802832528814
-0.9293487330432086,-1.0,-0.3537851242251142,5.774968879694261
0.14604769024398023,1.0,-1.0,4.102741620702544
-0.750590249072268,0.053057448145744646,0.23968627077026006,-1.682845631099145
-1.0,-0.7138606557434983,0.4166803355611626,2.995141888165576
0.17997979352859628,-0.24369032851859784,0.447504560303428,0.29779703033966926
1.0,-0.9729955335741984,-0.2910057745863508,-6.860049442260207
-0.21387665325783733,0.6682604556041081,0.18574716303726357,-0.6761033874388994
0.9620633273659536,0.15103220300114395,-0.20516198838248112,3.419809045251989
1.0,-0.9002075703615677,0.6382757843345144,-1.5277473473407608
0.9448081381366034,1.0,-0.7959228969320229,24.686736808558834
-0.05024540551108636,0.028809417570628826,-0.1519130085003848,0.4430142186637255
0.010062879828274918,0.167229218597291,0.31161467318728686,1.5977772972269213
0.7793991011630594,0.16894858623014986,0.1768012045108056,2.3638790662776246
-0.7553713247046354,1.0,-1.0,2.248558091755766
0.03911440193119109,-0.9473057235222411,0.542009798839467,0.5021711010946095
-0.02926043035603043,0.891538109437441,0.11612220518853777,3.3005584033758666
1.0,0.16243774740718386,-1.0,9.88757699891807
-0.2643534901150104,-0.20411307359931063,0.021210739820923807,-0.43290598568503813
0.8479656842944006,0.2350238921124903,0.19839926541497,3.3450170076423107
1.0,0.7938653506501334,0.2948642332142728,10.010009282448467
-0.2125033304371422,1.0,0.1321496924102199,6.849172153484348
0.7022741366272909,0.1790324137173822,0.8113562178749856,3.282273065128881
-0.6326452966689964,-1.0,-0.17141614737579491,4.338526489740708
-1.0,-0.5932245275913632,-0.25583434561515794,-0.5541997307679521
1.0,-0.771575649968766,-1.0,-6.298393584884304
0.4233271621775929,0.9435232078019411,0.31782544683542957,4.718176315697864
-0.0654602971421836,1.0,1.0,13.14492221552623
0.9425260057849671,0.12822534245784967,-0.11861467423328387,3.9891940245380284
1.0,1.0,-0.21929789364127839,15.412135102000304
-0.393015070428985,1.0,0.46735520167184696,7.224383772830118
0.5582371223474432,0.08648266213333966,-0.09364067863400294,1.7561742494811003
0.10227626562727399,0.644359136344504,-0.9713090053411968,-2.6292819794404183
-1.0,0.4030130350351464,-1.0,16.156108267577537
-0.1929684720833209,-0.7122887729953293,0.43218754598103515,0.3433918902499057
-1.0,-1.0,-0.4074629094610591,5.231067524935792
-1.0,-0.9643613438017162,-0.3242648817807794,4.830154662170514
-1.0,-0.313935199317241,0.023624083057111056,-3.304551036565289
1.0,-0.3282935908662783,-0.3710724776039682,4.243161260813954
-0.02262438096776287,-1.0,0.9652274258407796,-5.287392142819608
1.0,-1.0,0.5716142375847046,-6.759079213942836
0.7366265789812387,1.0,-0.5609507353309999,12.033611071487574
1.0,0.28313734798775037,1.0,18.476049178549125
0.7762449488123901,-1.0,-0.36116683022849694,-4.682206812649512
-1.0,1.0,0.6966593339637444,1.5785168258402025
-1.0,-0.5006840867395435,0.19942497473091159,-0.5829080119607015
0.5436123663512393,0.2454044210063504,-1.0,-1.5117213679821755
0.499083759976229,-0.14847201831913925,-0.44712938140718106,0.9502205717833226
0.07059057890448783,0.3636958857891761,-0.9129394751222935,-1.8840977805872419
0.2608400770231145,-0.08852468717774076,-0.6594596057637983,1.6546003812674108
0.3566746039639146,1.0,-0.6533939655379515,11.04087724615865
-0.6418534752919483,0.3921815761393861,-0.282768908894939,-2.9053922948877524
0.015871784160542912,-0.4635549069570595,0.6418306252145787,0.9841236922588019
0.8144675011403273,-1.0,-0.8945912310803437,-19.20808806639494
1.0,0.8012204122500703,0.47360329549553226,11.072057488924038
-0.2571356191239822,0.3493152833462603,1.0,3.3561547199232433
0.4320048066394875,-1.0,-0.5060636806721781,-3.1279003312344402
1.0,1.0,0.6230885565987372,15.423529255828472
-0.7293521967992298,-0.4633063993086042,-0.6056885009989499,1.9173534637814904
-0.48372885864330795,0.06868153207823746,-1.0,-0.8057599440413579
-1.0,1.0,0.2527622219678445,3.926323847232336
0.5879183887491166,-0.8972310043907517,-0.21465217026548267,0.7333064919779261
-0.17365085371664213,0.4059186106314665,-0.5849852974219107,-0.24246773733518723
0.6277597327635922,0.061303704049232355,-0.6438643589382762,0.7153899852612402
0.2149343486862323,-0.8100044397845969,-0.06386097073023467,1.7219243669278712
0.09460148196892604,0.1349117648661311,0.1897622728538677,0.893947053175722
-0.29525376525437497,-1.0,-1.0,-15.321877956659966
-0.6465800371102355,0.6891285259212481,0.32997629551592644,-1.9792855975388521
-0.044189240108052585,-0.45386105088989037,-1.0,-4.5026535203914015
0.5592604889097426,-0.24223424235307522,0.5752863647269597,2.337762871685465
1.0,0.7520619907850368,1.0,26.66990339497148
1.0,-0.6743308061049977,-1.0,-1.3754597711406267
-1.0,-1.0,-0.5603583178228724,4.8108401748493685
-1.0,0.5635955897310405,1.0,6.472013601858498
1.0,-1.0,-0.05624483964094984,-8.01123248880528
-0.8825427557053149,0.2084640724914235,-0.048465380420116944,-3.126298191535789
-0.058105078463496884,-0.4442516017582112,0.10573505350505408,0.24555645702959616
-1.0,1.0,-0.683754585049654,13.62181771625866
1.0,-1.0,1.0,-9.266135926643425
-1.0,-0.20905938759017895,1.0,4.893078463374055
-0.9512004201724436,0.5145222509495073,1.0,4.829725345559295
-1.0,-1.0,0.40729273256066345,10.501659791550082
1.0,1.0,-0.807174812056737,30.68918692943014
-0.03360010484112386,-1.0,-0.09553194483278316,2.32263925255338
-1.0,-0.21975266657190673,0.007472289775962038,-3.7031037650057606
0.027319870252228817,1.0,0.6368492901018372,8.48511368046734
-0.39904145493533294,1.0,-0.813148838514165,4.5253677039247435
-0.17934929764583263,-0.4111596951376204,-0.5814745735088303,1.112036288711646
0.4862065037319059,1.0,-0.8749544226523933,11.071152934160056
-1.0,0.23052962056239146,1.0,3.0632777898988213
-1.0,-0.6758241624062564,1.0,12.250445256908195
-1.0,0.0009730364221607335,-0.7091564167401485,0.9366752021753504
-0.6968108658406231,-0.3049387572995408,-0.3994309301704879,0.4145113351514665
0.40319171805860443,1.0,1.0,9.26963132490438
-0.5845719498104598,0.3730148338911654,-0.6630518409025099,-1.3198911095842945
-1.0,-0.9212554033239961,-0.9706467553230029,3.7633479811826547
-1.0,-0.9075107523393391,-0.2300826638762361,5.252203513893717
-0.025912217518172298,0.11612327207792705,1.0,1.6283982008960385
0.4201613718409962,1.0,0.6151225764889972,7.197632294236435
1.0,-0.3559239740236593,-0.33993572061967114,4.911630953750107
-0.7259281364129127,1.0,-0.25390847304924913,4.664935433116147
-0.18604934330107104,0.8940281805330981,-0.08016509242696412,2.9661340300157377
-1.0,-0.19106108126589172,1.0,5.096758858826949
-1.0,0.8305688200671992,-1.0,19.330602573863878
-0.07316430820507414,0.09077898292577458,0.7790702512836494,-0.5367783269485127
-0.008262177840799856,-0.21980096124130455,-1.0,-3.26370735459101
-0.7063473622591014,1.0,0.19832117882130107,3.468219387603943
0.9615290561653376,0.014046946842789287,-0.4196945714417861,4.003985435875437
-0.189869547995259,0.26043592966664497,0.930779493477609,0.7387180245319471
-0.46717409227286444,-0.7100717455434973,0.3359193670652252,1.1716283131075969
0.4907365788116256,0.7390363378087861,-1.0,-2.2021236402216613
-0.45289232401458834,-0.18688806175865857,1.0,0.9771755733582972
-0.9981218925761663,0.5441563646088596,-1.0,18.87914162445905
-0.4181914887403462,0.8356543266266274,-1.0,-3.970608221278794
1.0,-1.0,-0.36059764502247504,-9.701978437824444
-1.0,-0.21953606325957398,-1.0,8.478133993294897
-0.9508143414224017,0.5403916743458603,-0.07875913691211078,-2.483278810895612
-0.5781030898977999,-1.0,0.7867963135940579,1.5629497391170304
-0.04749310547689478,0.0582033234388144,-0.9558583120739041,-1.9598426384347767
-0.5600395929357123,-0.7517883108188412,0.11499687215218835,1.840221760985367
-0.02293863726738965,0.1481356151192168,-0.2189583416510852,0.26819939536681314
-1.0,0.09875660875234793,-0.46982506500048626,-2.928147406438311
-0.6588959469526252,0.5604062823311753,-0.326982996836956,-2.514737367352658
1.0,-0.20733859923966502,0.5660816115108469,6.314912402760306
-0.24845307233517766,0.09707589938434258,1.0,1.4123600966148893
-0.11824639030064943,-1.0,0.208775009361573,2.030395370334286
0.530504432706802,0.5577092344493948,-0.5306133150222327,1.1343122493341224
-0.5226122597688532,-1.0,-0.7524391735702871,-2.9502181194694925
-0.15192885645823195,0.420424166810071,1.0,1.7965126752685836
-1.0,-0.760961314915362,-0.40068059743082585,1.3587337124136887
1.0,-0.5373323124338831,1.0,4.077478083746268
-1.0,0.2041854740696476,1.0,3.008315608025792
-0.5670420805501439,-0.6232090614764461,-1.0,-2.6678514634218544
-0.8374940665284654,0.3202304074303126,-0.9980422149820354,6.754106888469112
-0.5675482337835527,-0.02678115720099572,0.21383817182299736,-0.8181577773156443
-0.03513314575901627,-0.7588122620983673,1.0,-2.6590279469629063
0.37909561469321096,0.675841576118031,0.23230762201092015,1.5887420261765284
0.4065815152582868,0.9113710245052937,-1.0,0.4930334857510284
0.13474525983557006,-0.44742142849810285,-0.3979470913373384,0.9257778375150176
-0.983312588069498,-0.5840318069464376,0.8800778317450417,6.633461110012463
0.3879031007539344,0.7579525159111944,0.17182013071545543,1.7413378154346981
1.0,-0.7288768911605323,-0.01662430387210012,1.3217540711729898
0.7394399180259539,1.0,0.4087131192282565,7.84680769117355
-0.69914085768142,-0.7020800583515456,0.24948039140273903,1.852390889935128
0.08286741919044216,0.46131529043493,0.2878853080794139,0.6725950606378721
1.0,0.4629560477991128,0.5301620455635618,9.139564991496147
-0.11156381387714487,0.6065760301519825,0.5497368678339296,0.6461892510133157
0.09257557257191062,-1.0,0.3921164148433953,1.4748823142731515
-0.9034921372202704,-1.0,0.05584457489340666,7.766710003950909
0.04996060724630369,0.2828237481588165,0.20313998254688315,0.26776191141473216
0.12952880077903584,0.44725152262262347,-0.5173940415844998,0.6435796876103403
0.40163756858989075,0.2981059231804164,0.2833286054823214,0.6849110602563346
-0.5207969995192099,1.0,-0.0362208763926104,5.323839996374776
0.9965984016934608,-1.0,0.8433607497702389,-6.474436783088195
-1.0,-1.0,0.8248315536614261,17.975795937847945
-0.17287215033472747,0.9156910266254417,0.6144951457144008,5.174778290566806
0.5804235602322001,-1.0,0.7339092720520022,-1.7740770371260057
0.23778262914017478,0.7620846101319174,0.35179444719621045,2.7694613933961443
1.0,0.33264045873715875,-1.0,11.788053263033937
1.0,0.9923897925499736,0.6598777210560844,15.540440138735446
-0.4904211966439538,-1.0,0.9849463239311633,-2.3872326913294
0.8418616642018841,-0.27389253278388526,-0.1005996086491483,2.5967036906219714
0.15456423734591307,0.6102391151182394,0.0913231449691081,1.0546545036639006
0.6139294990382587,0.4168523189426918,0.1526592337986974,1.07489835650313
0.419178868505107,0.5214096989913637,-0.12935576086092992,0.8738099577218186
1.0,-0.25717074727777156,-0.054787101588419596,3.1864393870417134
-0.6701927673479027,1.0,-0.44139297831274904,4.561077168862475
0.39218847470139284,1.0,0.6994488523001272,7.845049477562461
1.0,-1.0,0.20300349273939178,-8.036950643854265
-0.47037332080119865,-0.21351465774386047,-0.49441369127280366,0.0588996870376684
-1.0,0.4560904612438539,-0.7695368219593679,5.199615849643131
-0.7655711107491592,-1.0,0.9160983061428993,4.878678176847227
0.6993531764002054,-1.0,0.5932300763605538,-1.670620228278837
-0.04265773217798041,0.4677048351683648,0.43445367157737413,0.7674756362108213
-0.28603046617876116,-0.36747135750967286,-0.05425014135236461,0.8663598863176536
0.7597792612229015,0.3510152331357679,-0.9429217798634342,1.1475332891070102
0.016507100196892388,1.0,-0.7443970355257159,9.469741884779761
1.0,-0.08265519098945706,-0.8288789228926254,7.981950404324787
-0.34645668371596816,0.6051541837971282,-0.970941128574353,-3.207458827881332
0.9211135087369817,0.010752887730182126,0.4479826314527027,4.843496221446291
-0.18322852017234226,-0.31108713928925025,-0.8404492042051739,-0.46479390970988776
0.8797816991147582,0.7781421854218218,-0.010160700022481706,5.067028493848119
0.40793216842955204,0.09967132240456911,0.5751678164180043,0.6416695907755267
0.6469558480071707,-0.960792590829417,-0.888877543709516,-12.875399834699783
-0.5116545967611854,-0.20954471771730176,-0.48157533163732524,0.09086467272568882
-1.0,0.16223298776666084,-1.0,12.734896484771852
0.23099820165920515,0.22369059298953875,0.21876166986547751,1.7814516444096857
1.0,-0.557463899658794,0.05137203568863824,2.5012963908418895
0.8485134082441268,0.6931779657346044,-0.2045612654090727,3.703422864271926
-0.5597953134744393,-1.0,-0.7050773080337538,-1.0922437241194043
-0.08613876475228777,-1.0,-0.5114471260729212,0.8529279881133285
0.7132373645103587,-1.0,-0.1019513631759601,-2.370494263202045
-0.24049611544724137,0.6415943540686853,0.35786338901246695,-0.7112921472195832
-0.311177853022101,0.6462620295828558,-0.40958248176177836,-0.7029189923823855
0.10430094433520143,-0.7421856448240991,0.5287465090403896,0.13240840754477556
0.35827039811249994,-0.4827490765712288,-1.0,-6.339621258908227
0.7518654243058438,0.7746172681053995,0.6665844207330971,6.526157525967775
-0.293923884797493,0.49714848059139793,-0.30602852078068543,0.16902397207861275
0.49961457561270883,1.0,0.09411847460167477,7.566737730677965
0.2067325737929473,0.2667109579384914,-0.898524607729843,-0.74072057264769
0.19197541351824565,-0.27194872822084193,-0.0018458194607708922,0.9841620372026729
0.350539346315176,0.10584661897394554,-0.019639977015805776,1.0963660050860091
1.0,-0.12355603266753423,1.0,9.39296596554849
-0.6239367641452085,-0.14976975985829766,-0.5891996656868075,-0.15721541285545704
0.42725526705195427,0.22133721206736956,0.5316769713005411,0.8175649426956046
-1.0,-0.10587587086004335,1.0,3.3476026562180854
1.0,-0.21998494272687497,1.0,9.743200800912364
0.4373317912512089,-0.015360207452374208,0.4105031942411901,0.7272811538156805
0.6505581292132059,1.0,-0.3797300132938324,10.266989630236369
-0.7691942865540322,-0.3414814320975037,-1.0,2.0540381940379326
0.9410955522988118,1.0,-0.9172836168906109,28.01955106646732
-0.48102292300136806,1.0,-0.06426294547245104,6.1630728591670145
-1.0,-0.6530234134249251,0.3747907685057772,2.585036344980809
0.22313649736120178,-0.011713400678010188,-0.5466401964554535,1.0663651377267915
-0.061443908631652944,0.8574000967349842,0.12252546176337664,3.3733596507461354
-1.0,-0.06525755273736111,0.06095456660188425,-4.0569811121057855
0.1697659713464803,0.48923086616562794,1.0,3.397025456551021
-0.7039996557220054,-0.5453600588911784,0.30439664927751164,1.610959777039945
-1.0,0.4643285831749828,0.5882531257700157,-5.430806432046529
-0.4813126481041514,0.5541214070745086,0.5690205641929353,-0.14342479933715135
0.11877711709321526,1.0,-0.42599542389873557,9.821744129644914
0.5618701385954845,-0.65801571761823,-0.9633346833839451,-6.767120224345224
-1.0,0.03488997045492104,-0.7573627599411561,1.887236331952982
1.0,-1.0,0.1385268120727765,-7.209397060822142
-0.883314551577191,-1.0,0.3853341040966214,8.709477728852457
1.0,-0.05056107745669203,1.0,10.099184988282282
0.7361632572589834,0.9431229866414201,-0.12823733598863485,5.878869376277148
0.42621195097480924,0.6140367266233391,0.18247159554483883,1.6657933531511062
-0.5913256105645017,-0.6494016978860746,0.30595884697207665,1.7282652673881063
1.0,-0.7077329349779631,-0.15837404215859419,1.8003930182731762
1.0,-1.0,-0.9929269960171592,-29.044448467250483
0.8883200337579105,-0.07706749191250051,0.6101441264373708,5.322486767579772
0.06649339582924152,1.0,1.0,12.181100153172235
0.02662507208073528,-0.7577472684095725,0.43336150428599707,1.2610013998365326
0.4362613713884478,-0.9401681865901037,1.0,-6.125718089275415
1.0,-1.0,0.7971590469732788,-6.995719113917371
-1.0,0.3801025836267,0.3964917046359546,-4.356627474468869
-1.0,-0.49149032208625454,-0.8453417555015807,1.7121436191085457
0.10417784145835363,0.4967976955799942,0.8543556010652638,0.7841017553392093
1.0,0.718633994813338,-0.5125863930689434,6.865249982382741
0.9882915563479877,0.7816897950001813,1.0,24.384178073855022
0.10784014666880926,1.0,0.916171543990701,10.78970956343132
0.2833253191666749,0.17597594004129835,0.44605806655891,1.2458232407400271
-0.2778823792992533,0.3268305431874885,-0.18486220737789094,-0.15855934515985523
0.7138715775595932,-0.8307235623213034,1.0,-4.693258294572916
0.02147463218540313,0.7287424952263533,-0.9218085231762949,-0.9213999112984989
0.0727027044604438,-0.2895726438912649,-0.26002750897029747,1.5283675534935963
-1.0,-1.0,-0.7330103969119854,2.154491890766259
-0.6063463254340753,-1.0,1.0,-0.8835356750827902
-1.0,0.9863250242132853,0.5727460500086716,1.0442949732776383
1.0,0.31145012160984953,-0.05843542066452745,5.512790703340867
0.20030015248823863,0.9093294874168192,-0.21493403080417983,4.684117115817693
-0.14001138484763254,-0.1415252563685605,-0.9752443754963405,-2.5553628791354313
0.4987225421718722,0.8830098703435574,-0.4441866097656906,5.255356181172887
-1.0,-0.476313914167495,0.24307364102637186,-1.1853039505435898
0.780576995838367,0.984417184043483,1.0,14.239868137021809
1.0,-0.24266771559668787,-1.0,5.992332080155466
-0.8285600080808422,-0.25840660717191866,-0.07969514548314716,-0.41085730032001655
-0.29909632978806977,-0.14831990566595454,-0.9288909750341141,-1.3637314010652382
0.18572003446256247,0.6294000487848928,0.17112858236720974,0.4910190611169655
0.7756598056084103,-0.5818165409479594,0.5162416308968794,0.7769995052814679
-1.0,0.46298816254598507,-1.0,16.96417920086718
0.20874620865697047,-0.7521904387847038,-0.42460855985171686,1.9951997250598845
1.0,-0.4896924662195299,-0.6838265342512204,4.764928965362637
1.0,0.6574087049903097,1.0,25.39913155630249
0.10770170764540588,-0.12523195206148352,-0.4316286293280036,1.2970513310424885
-0.7671211046397346,-0.5381772803484373,1.0,4.495138281726873
-0.07154715865412054,0.8095304139744983,1.0,8.517835764728549
-0.12640313814331638,-1.0,-0.14478233355695824,2.5934479721057033
-0.7219727818826223,0.1326081374490624,0.8118993362973308,-0.6907533853744527
-1.0,-0.4062556378863569,0.7222492794404864,0.7611999179139379
-1.0,-0.05773817555900762,-0.275945775063104,-2.473524613413304
0.1499342288957224,0.457926858413078,1.0,3.5210706592133345
-1.0,-0.8791616883726014,-1.0,5.259573408229803
-1.0,-0.9973832538857044,-0.4939770628023761,5.208974304614225
1.0,-0.8806892230585224,-0.5892225835492335,-2.4348316006969397
-0.497625113932773,-0.28860087051644445,0.17702028547182524,0.927732982971478
-0.3080592947146663,-0.2500297655720394,0.05358655901849163,0.2809672835332882
-0.3824072865287822,-1.0,-0.2971125708725888,3.850342840860871
-0.6596282164577154,-0.965319065657706,0.10552720428364881,4.888293003430597
0.2555999101805242,-0.44497181587184254,-1.0,-5.103092133414581
-0.1190394519136102,-0.159190150879984,-0.0619849980847873,0.7864865050908847
0.0626325651041526,-0.28365089391027976,1.0,-1.3980997054778412
0.4124278995079129,-0.44948783439268025,-0.4365859197928694,1.0302114764169137
1.0,0.006619463947868942,-0.0875214538835345,3.9324316581934102
-0.11557872572022787,0.9382175305943634,0.8015332948460692,7.393274122798609
-0.8669285080179878,-1.0,0.6059742793611398,9.419745888105199
0.9463589377274573,0.5360526614768013,-1.0,8.869433331878163
-1.0,0.8918876629967261,-1.0,20.975141149411357
-0.4895771117140193,0.6324577357782579,1.0,5.354982850026901
1.0,-0.9579222851551716,0.2775954890144414,-4.56017059710107
-0.1763384803364143,-0.5469367028081604,-0.40815959762609966,1.2809974645011628
0.43186146983121754,0.09012648618601982,1.0,-0.13227598862297732
1.0,-0.4706709372463642,-0.6521018313482516,5.809244027646143
-0.7567290575833749,-0.5728504811041328,0.7013841912095646,1.7663933241390581
1.0,0.27905405947138995,1.0,18.12794257232699
0.4477181348049746,0.48618579552811036,-1.0,-3.5029772030710653
-0.526405828214356,1.0,0.028581964974220275,6.021095086526909
-0.2863941800770764,0.4335137820904773,0.36780243353485287,0.130927845862999
1.0,-0.4958423336397848,-0.6110488734817423,3.7236948714159395
-1.0,1.0,-0.9526726803902781,18.51856166766516
0.3902963348548585,-0.7570935971905519,-0.3911974540624876,0.9833604736626673
1.0,-0.5727310372059204,0.006501879766143137,2.6187585786240417
-1.0,0.9677041630468011,-1.0,21.39751727854449
-1.0,0.36152386180466056,-1.0,16.16340615969648
-0.870501997154322,0.9920191048363893,-1.0,8.065186519310672
-0.654509969040969,-0.6801220094004703,-1.0,-1.8246879602290744
-0.7063283740682467,-1.0,-1.0,-7.177126439228533
0.3539422281842739,0.6129061150678965,-0.04986738349878661,1.0781977535909797
-1.0,-0.30582564593770023,1.0,6.073714632475883
-0.3252262776867221,-0.9608992497252187,0.6078958977950679,1.0181671425941539
-0.22377973090513192,0.11325811550961173,-1.0,-2.608166895734534
-1.0,0.09967969282222255,-0.19179981675230118,-3.7730099847878282
1.0,0.6752347393079619,-1.0,16.074526404108415
0.1684447203508066,-0.6747729461908751,0.6919905098929906,-0.00789852167591409
-0.9826538412389247,-0.800444484770894,0.43147483742758874,6.095007886061651
-0.009620015972895635,-1.0,-1.0,-16.992880740594483
-0.8507975879888663,0.9651359873063359,-0.6974452303010843,3.669930930815443
0.9896655807267645,1.0,-0.5674275595852825,21.25000179444805
-0.05729096393565469,-1.0,-0.15944479096510866,1.9232979735730709
-0.7847654378696547,0.17240106314165682,1.0,3.2649029300701655
0.0659959862007562,0.17706390314622955,0.791326200873131,0.11822868386482438
0.13137305297293844,0.3215968352371952,0.5691435859080143,-0.4077109350267961
0.4725726548198559,-0.8815906052114539,1.0,-5.778217442647266
-1.0,0.16060825434843928,-0.04796009745474361,-4.631903338134105
1.0,0.4142111586689734,0.9668086915419494,18.672111607572983
-0.2689331237274606,0.30986056331584355,1.0,2.7367798556702
0.4393339167862502,-0.29891526649231426,0.30847336378803547,0.824544465143879
-0.05798522292310082,-0.09338086632789366,1.0,0.6404689558955514
-0.055829427337868553,-0.1733633502222851,-1.0,-2.9651714761461587
-1.0,0.38449936783725946,-1.0,16.644584659792223
0.7447655684861998,0.3467525694701086,0.15943333549325311,2.1290004921965298
-1.0,-1.0,0.17987501939496608,8.661048479910265
0.07184759193489954,1.0,-0.6138493645306535,10.585148739008023
0.44184902198354536,-0.3252457880608828,1.0,-3.0600835367039347
0.862415399207594,0.37473097014070644,-0.3032695282938449,3.2278485194069995
-0.6490518978755146,-0.5454744380175875,-0.27485255013682974,1.2486448593858424
0.6770438834866155,-0.7958911063412857,1.0,-4.077839048318695
0.057278176916724766,0.7139918279690594,0.0611915555636815,0.5368946472222139
-1.0,-0.43878271866236007,-0.6142584587911957,-1.0529159745316337
-0.05709771908211381,-1.0,-0.6416080268389095,-2.9717234767462855
0.6583385288690973,0.3703574276077122,0.6131255920837397,2.762550109858542
1.0,0.31634517681032204,-0.1282718571949324,5.850393248722282
1.0,1.0,0.08016652444502648,13.5162970889514
0.9623647074701442,-0.014193805275605431,0.019408728262450214,4.084450865741874
1.0,1.0,0.32937150788978453,13.35237909219557
0.10432454555227388,-0.10423582039877455,0.03025882545048053,0.6841615793875521
1.0,0.31482265163160417,0.2894390253301955,7.331881856869639
-0.9976277276806982,0.42227307617456455,1.0,4.267183905679189
0.8313846800494771,0.6052055600650448,-0.5063731414703754,2.951325937670038
0.08809454126634475,-0.8020278030673422,-0.9692709415505323,-8.396523045140016
-0.5244814257034471,-0.039629146068519194,-0.9192824522346084,-0.427780471997126
0.5074849627354949,-0.8032804953493704,-0.21718608874433998,1.8884956277618463
1.0,0.7383193193172488,-0.06774547477482806,7.389500187780311
1.0,0.9637342240863396,0.02267109982168347,12.447283654602305
0.052984953022404246,-0.038580259876701106,0.3525444905663193,0.6931876962940574
-0.18760685651607645,-0.4513284987015054,-0.8693903113612689,-1.2804919053199915
0.7122597526199184,0.7591196390693007,0.2443711398212851,3.55054774164656
0.9003543594876251,-0.051684519711726606,-0.7874967906366779,4.3979704172719565
1.0,-0.5130204438000265,0.42525203595330385,5.205993178547049
-0.31807764349880263,-1.0,0.7353928212081138,-0.027490344952349116
1.0,-0.6293384360787091,0.5541067954967267,3.975721474667362
0.14595062937037695,0.5845784083426855,-0.5551826154346862,1.6192768595034321
-0.7889040632291047,-0.48540937809061724,0.9236548934129736,2.4256256802846496
0.3743417330663765,0.6029042583590851,-1.0,-2.471730178067481
0.37422891019004023,-1.0,1.0,-6.880900215993036
-1.0,0.5459743021319845,-1.0,18.179554484899025
-0.383250812476978,-1.0,0.04608783673360528,2.783002042651516
-0.3331386385477315,0.5038883053926446,1.0,4.314942517941139
0.2794914823643393,-0.2974139294217766,0.395222491520983,-0.08856331247944405
-1.0,0.42397457904077984,0.6533431607853417,-4.9237392875953105
-0.10594976239970899,-0.15363338816360428,0.5744318646855726,0.4120925759694887
1.0,1.0,0.3516334952970208,12.936031457005438
-0.3449565121152316,0.406219138781742,-1.0,-2.9328946191730525
0.024225120191206484,-1.0,0.22122075452604917,2.2015701239505785
-1.0,-0.914199018101898,-0.722002296433234,3.418953624763516
0.06379095946221747,0.24640753577553864,-0.9486087752377168,-2.450665771774924
1.0,-0.058539222549724323,-1.0,7.224738788325002
0.5649631152745218,0.5119953286798331,1.0,4.332885786270559
0.6172432726477459,-0.19799484774504172,0.7071005443327147,1.008025629125937
0.4569422402408765,-0.5360386558453976,-0.5458107065606173,1.1093305417870611
1.0,0.43891656273849455,-0.697985083493323,6.490185625333706
0.19556959354255388,0.8958233826270383,-0.22931875476601915,4.215711129744253
0.23083625188993984,-0.5294661933426683,-0.12708055378628003,1.9710268980327572
0.13858921069680963,1.0,0.6389041034635465,8.361215098294336
-0.5566879736616364,1.0,0.9847180206044119,14.4932017655236
-0.4809048738463486,0.20799131083806177,1.0,1.9050769875694014
-0.0724704829795173,0.194931598845959,-1.0,-3.1353216425934596
-0.015217117420670334,-0.04024152164636985,1.0,-0.21439432936723762
-0.5690834312367923,-0.5095251111416663,-0.12865365165973452,1.3754860088970713
-0.3318556821536316,0.215149425287829,0.3006847811260027,-0.08316422739950147
0.7425824009143716,0.3030359107735139,0.5806155185826856,2.973613021636402
0.5292324584692891,0.6004503187138612,0.8231280787156978,3.1039350377093347
-1.0,-1.0,-0.563730017504011,4.13459497328818
-0.9430049260243558,-0.8888934035628366,-0.023915805716851146,4.80155274139659
0.48175472521504403,-1.0,-0.8610186634014834,-12.239938090568
1.0,0.5982620600727768,-1.0,14.196888789107298
1.0,-1.0,-0.2846900205369258,-9.477932868051864
0.18310616698644155,1.0,-0.016750788273239392,8.705082495644255
-0.26582270651636497,0.9418427591153959,-1.0,-1.911190167250407
-0.6766808351511167,-0.44779283644814627,0.055098138929649654,1.4990284160852287
-1.0,-1.0,-1.0,3.9779164087653145
-0.8294671950534589,-0.7965207303303288,-0.591835943999891,2.741528979501524
-0.46981332839473455,-0.29535963513364427,0.9759243174181287,0.18333329655795738
1.0,-0.7099293207329316,0.8792715434834089,2.4998183234252735
0.6965930413911392,1.0,-1.0,11.659768077809732
-1.0,-0.08708844769490076,0.19841607126795613,-3.6542643184676793
0.8603841553032798,0.886713791107705,0.31265460064249795,6.861504492187309
-0.28269927068927236,0.7335212813903758,0.06215872323582894,-0.05754790588894465
0.3235748313625202,0.46054140650819786,0.34998804333209144,1.5732944753697968
-0.4579582380750711,0.8443238761968017,1.0,10.842478307610223
-0.3563530213479622,0.2037016873376294,-0.9564491984165744,-2.316387732916692
0.7839100879781757,-1.0,-1.0,-27.104673387623958
1.0,-0.36354630335683336,-0.7358020417797473,6.161096022194107
0.03412073785836278,0.15002186927595607,1.0,0.6675018665776407
1.0,-0.009939938704441431,-0.49991910679261653,4.838068756236274
-1.0,1.0,-1.0,21.351873983411576
1.0,-0.4513522584306122,0.8241917674163339,5.741441260601032
0.04007358025555008,0.20186770056299475,-0.4760798359949474,1.4126042579876175
1.0,-1.0,1.0,-10.054543181215971
0.7704763691475875,-1.0,-1.0,-26.831753416000335
0.26815685030023895,0.22533010215865157,-0.5492572756537109,0.3231562417290619
0.6992030878869675,0.12427726454932952,1.0,1.7681195765648656
-0.012703475902922312,1.0,-0.45726530177057456,10.225927988723587
-0.4262129891321451,0.8163104083779849,-0.8127367439894615,-1.09656607796377
-1.0,-0.12748932497305177,1.0,5.305585843314933
0.1199297933831438,-0.1554724408289896,-0.0770658261480468,1.1196625521450965
-0.73837112641656,-0.9394538552214264,-1.0,-4.676676568060284
-0.9831182842868902,-0.07995152013289686,-1.0,9.50091815460324
-1.0,1.0,-0.3852613935639564,12.059833412258547
1.0,-0.8200035974586031,-0.8202713029838498,-0.7188000269163397
1.0,0.048800203763581296,0.3302653307300598,6.446041904246859
0.11485479808428778,1.0,-0.3975613712471726,10.50847014804213
1.0,0.11260836267417673,-1.0,9.910371004342897
0.5914169447720934,-1.0,0.33597625721882896,-0.6113572431204752
1.0,-0.646631368146753,-0.8780302703482343,3.4943476464144307
-0.8766289993821643,0.4278429826852532,-0.8912841761397534,4.110037035403013
0.3679958593006949,0.8890741070494192,-1.0,-0.7831246462075634
-1.0,-1.0,0.8380062206382424,17.677310133305248
0.38982809853645595,0.8529700060741532,-1.0,-0.532405108916213
1.0,-0.4579244627528447,-0.13872039553082982,4.2541067940659865
-0.4801258771437722,-1.0,0.9865118849390595,-2.8977976841428257
1.0,-0.2729700832656943,0.4364187863499569,5.197927936197925
-1.0,-0.864054689927326,0.9230650015529447,16.12887948409963
-0.14258165378841192,-0.0029904884858760195,0.32384622439812305,-0.45090507164527927
0.4828676334368325,0.6363404462141649,0.3757168702666369,1.6362365475560983
-0.011191114607817187,0.12045603750331169,-1.0,-3.434574926812422
0.15600021709784317,-0.191195194135777,0.3072072888157493,1.7335715163710104
-0.7155274001487795,0.6418948361330015,0.027393772030311236,-2.2502616861173084
0.5255209759117692,-0.06639132679737592,-0.0412000645985835,1.2544253752747236
0.20743588072912944,0.10682860616998036,0.9980056021386541,0.00519199560889827
0.008030911898868842,1.0,0.3812380763864309,7.681555110767593
-1.0,0.5360231882547295,0.14436491960870512,-3.6412003433163735
0.4023885471994293,-0.5840806673745278,-0.05724246362834684,0.278518570201322
-0.34841668956501937,1.0,0.31884095865151885,7.041626927265646
0.4445889568314383,-1.0,1.0,-7.4857817170624505
-0.14952001232131718,0.38508692061715877,0.5898306042151218,0.09314466622934056
-0.37969823008094683,-0.34109748407008844,1.0,1.5976610233064235
-0.24485921972246438,-1.0,-1.0,-15.651604698145297
-0.2732282911169963,-0.6659462531805129,-0.7804007312814936,-0.818725200593531
0.3393913115889253,-0.30192758954399457,-0.5685724317945022,1.4348177379194906
0.4424202938444348,-1.0,0.6102397433570623,-1.7049564483142303
-0.05234460225037707,0.1447396362679183,-0.16889549482589605,0.5313433099384244
-0.6041828900845221,0.9943708895714474,-0.2526737050178589,5.290161223276388
-0.3476881239455658,1.0,-0.4039909944102478,7.731099655011623
-0.2679166143864178,-1.0,0.955214439950496,-4.12776547390734
1.0,-0.3910278984256248,0.9835377138630241,5.838904969734748
0.19150779470753054,1.0,0.46604374653857517,7.533910039681061
-0.11546208743073483,-0.6712182066544776,-0.8342459872314734,-1.8056998509648543
-0.8214670913633251,-0.0667662809039129,1.0,3.1169346023085103
1.0,0.540632428292279,0.38484251562227034,8.224665551071926
-1.0,-0.3560478388080788,-1.0,7.180757572306051
-0.8854068039776359,0.3535877896371935,0.8891968028689363,0.2799705021275183
-0.27212409201017596,-1.0,-0.7221986375211269,-3.3345687376623774
0.13864149396869996,-0.718072074751037,-1.0,-8.969822145425123
1.0,0.8505521409291479,-0.4040323966332553,10.218741995625166
0.7169370528555523,0.29307249966155435,0.2565981777488078,1.9954644311359238
0.37233732806741227,-0.5127046392762851,0.13045052444574012,0.7900823505149592
0.7559841268117817,-0.42916448517307604,-0.5003851296736956,1.6835333767033265
-0.49733275408795885,0.8947596616934343,-0.20985163934887074,1.8537731715909422
0.619832996377051,0.4514902847761022,0.05338560932725689,1.2391477792636698
-1.0,0.26065682311940663,0.40255486185882017,-4.0029846098847415
-0.30856820302394405,-1.0,1.0,-5.149051346249961
0.09869859465849573,0.6525449644785299,-1.0,-4.063432873331175
-1.0,0.22976767828118416,1.0,3.1488673154546234
-1.0,0.12506749774759562,-1.0,12.513794858253462
-0.6157483356645765,0.907851235806038,-0.1273534982323683,1.6260093492962238
-0.3859497724144805,-1.0,0.3256892866740735,2.5235393098823895
0.7546687438800161,-1.0,0.4185572518259193,-2.2693927340111735
-0.4987808021687634,0.048549153097010134,0.3414953088329171,-0.21061139107779098
-0.7735774543893721,0.9179461988281312,1.0,12.838353628714758
-0.8342884796333923,-1.0,-1.0,-3.2481318170756346
1.0,0.2817994933906727,0.25504587602657347,5.978097895945655
0.5984561011224134,-0.06470917112478247,-0.09262425250240414,1.3801849788393377
1.0,1.0,-0.5067399620447444,20.670477942087533
-0.48944400986086034,-0.7694743127898436,-0.19341616397090067,1.4964131410613866
-0.16863080521781426,0.16295845394282038,0.39622374429754204,-1.357375583535613
0.6607009864540963,0.044084540823449814,0.1862120043274611,2.0108324028526545
-1.0,-0.8168282376540941,0.8124077440300299,12.230150823261425
0.41459699631183855,0.7058381206671513,-1.0,-2.9732101045704207
-0.06765183499632266,0.6640907324313567,-0.8135943822468872,-1.3513448467870226
-1.0,-0.5945420688310166,0.6755397402626722,4.081520376633248
-0.5473834079203777,0.09047649207967035,0.13199259913019357,-0.13525480743750784
0.7740604679516139,-0.45509534019431075,-0.13127664011421336,1.5842994229515315
-1.0,-0.4621866469311684,0.9064468224149478,5.155178289742959
-0.40535080785845423,0.14853302242146227,1.0,2.032220377803972
0.33121756327647933,-0.4234564448404641,1.0,-2.866994978229139
-0.9975065118642192,-1.0,0.6306154215443665,14.356154830695818
0.4346400699889805,-0.31479704456955826,1.0,-2.1393917421739577
0.782849423795442,0.7630535665278815,0.5071351053489856,5.055721082867112
0.09541230878075102,0.4573014900263974,0.19405723407449482,0.46157305895563266
1.0,1.0,1.0,26.32858763941448
0.6090053243658327,-0.6411986347214167,-0.13804613244101427,1.5031687271405332
-1.0,1.0,-0.312706688189335,10.720437152971883
0.43807602583311556,-0.5149215233955147,-0.16953223163873044,2.244414390281147
0.49103777686364025,-1.0,0.9894785488075108,-6.5898181067150405
0.800967780652176,-1.0,-1.0,-27.485347205622112
-0.3643902283004603,0.0781564146122462,-1.0,-1.248402830895849
-0.3954913528189852,1.0,-0.32314493334635896,6.856120200475441
0.5395159003558463,-0.5751972415147206,-0.08997051222059627,1.385843453093347
-0.9186337639164424,-0.2279966529073827,0.6213261317332077,-0.5864344729769952
1.0,1.0,0.21263962982754325,13.359257520960359
-0.5245737241275938,-1.0,-0.5524252833321577,0.4372085483033983
-0.0477185516675358,0.6510589737907291,-0.214171031947328,0.9301920135269963
-0.6301261932836122,1.0,0.21413447221696735,5.015860795853712
-1.0,0.9118967754735625,-0.41602714730713575,8.063970633841791
0.8707440001346192,-0.2086399518452573,0.9679252385068291,4.2523772849430985
0.5765114327579746,-0.24210567225288693,-0.7573916139194083,0.7778772424339121
-0.25834234140083945,0.3086806221411267,1.0,2.0294668260155126
-0.15903276259004784,-0.47559305122267803,-0.7322724323511427,-0.6924752422225992
1.0,0.2443910302210084,-0.8169308190400899,8.449596654578666
-0.16327092464093163,-0.3130914413603221,0.8687020414250866,-0.9187009903610719
-0.16375741634025198,-0.6230059979309164,-1.0,-6.20846846173732
0.13488303714452,1.0,0.4738881047729053,8.259268116343518
-0.6179551598049249,0.17841368442431316,0.35441735577127065,-1.1168977274643928
-0.6674339929911133,-0.4169323087793593,0.25317186277722903,-0.02048933128664371
1.0,-0.007907971250445511,-1.0,8.177937635770231
1.0,-0.1317368408342825,-1.0,7.1122097214787035
-0.018893751530858705,0.1937979277587536,1.0,1.1882176970559395
0.4038523548833062,-0.03439069177404419,0.48026237369910985,0.8108013711100545
-0.9632854256845389,-0.06185184157347834,0.10416249457218973,-3.579186187158247
0.3509982001827794,0.2219827576296145,-0.2549542438096266,1.1935597667899134
0.2040437386463867,-0.8572449487164944,0.9862953101694805,-4.40268890488842
1.0,0.9577606467822024,-0.8341580298215512,26.09195611674538
-0.06337740498197086,0.43289367650277133,-1.0,-3.55016843578927
0.12360466965515893,-0.7090363533068365,0.6280758857602831,-0.08823182257900292
-1.0,1.0,0.25409296947392845,4.4021783484182055
-0.8602456479051228,1.0,0.6777385174698545,3.563414256168996
-0.31717895806699614,-0.09222895939244613,0.2904088798748985,-0.028594216220781253
-0.38112352968079133,0.5930772443813042,1.0,4.407032391544094
1.0,0.5358994781888018,-0.3980489949855124,5.943890251339361
-1.0,0.36780102309369456,-1.0,15.656566514894065
-0.9692516246706382,-0.646199045075295,-0.8696101509168772,3.1128345769458017
0.3763014500627986,0.3370353893452598,-0.5114220822983995,1.1680388741180388
-0.028741235761492456,1.0,0.9092387496253402,12.26108384696632
-0.6384610361865983,-0.4818946771555854,-0.3493408296338849,0.9770423506616459
-0.3730077854944831,1.0,0.5309952107020477,6.788187714942702
-1.0,-0.24653936589136816,-0.18874476636908932,-3.856030487635224
0.4410400821848157,-0.3525754700890176,-1.0,-5.189753198266419
-0.21292647797684938,0.37209644781781015,0.030701972307270342,-0.06502913139003252
0.10523009573567443,-0.6431596241415087,0.1473703634510648,0.02124676578354867
-0.9175472666726185,1.0,0.873846183021064,6.59430714612868
-1.0,1.0,-0.4733233664606229,12.372488600576355
1.0,0.8864406061294328,0.2964656019903189,10.633646568001753
-0.4020825992569008,0.38484821020096915,0.6053728468354105,-1.6535784846520645
1.0,-0.16982544388952214,-0.21769984444101165,4.14903900406449
-0.8148697782962193,0.843026759199337,-1.0,3.370710318127914
0.1060890807048902,0.775815944465349,0.1116120352971397,1.4521066989983047
-0.11844772141498061,-1.0,0.3138166405726053,1.563464104976029
-0.3089980169535278,-0.8887464389960882,0.1502331806394437,2.479664753399721
-0.1327526739182341,1.0,-0.2473515187362465,7.578367540434368
-1.0,0.8284612256247204,-0.6484148623029098,8.382121430866809
-1.0,-0.4048653456691558,0.9550424339407868,5.851987149401064
0.7878677298017327,-0.597267320600342,1.0,-2.509137788488671
-0.07655025057745046,-0.9945786591395793,-0.10888114210680078,2.374197486466017
-0.9700432086598414,0.37585091277775096,-0.7951570177872866,5.2671989032174755
-0.26174730070922525,-0.7072801477536705,-1.0,-6.385860532024087
0.20025080574452647,0.5811097765445892,0.025976149660948966,0.6552916692189528
1.0,-1.0,0.591305127338619,-6.187196817604295
0.5827246000672448,-0.6971777960719607,1.0,-4.530888616324915
-1.0,-1.0,0.16902307738782896,9.166339870400947
0.4832903033474456,-1.0,0.5110719701857969,-0.05908177258226599
-1.0,-1.0,-0.24793815106577966,6.075854661396763
1.0,0.0962081041202405,0.38098350089752264,6.495592744302285
0.131261126777396,0.8801772110433785,0.7270130740626544,4.939532286215665
1.0,1.0,0.0095504990725781,13.528533064168858
0.33861403537223955,0.9094846556060634,0.45006860618015243,5.024941521541385
-1.0,0.06251050581883932,-0.141277050649258,-3.511655411211661
0.0070140994966385595,0.4298920482523203,0.42943727824445554,1.0543565733034552
-1.0,0.6582529922051228,1.0,7.771017624972101
0.49464801009278414,1.0,-0.2718581471419066,9.65668363462664
-0.7248521982083225,0.9911237408914073,-0.5939997267199819,3.6140380217357087
-1.0,-0.960623220115338,0.951177794742635,19.034855523402296
0.8149456712568586,-0.5907847606125325,-0.1599231421598517,1.6276106492492994
0.28111853570710466,-0.3379063653093237,-0.5290060521269091,1.35209736492978
0.14080738894535494,-0.7942300645902212,1.0,-2.8461873183607045
-0.389536829345851,0.583565646936619,1.0,4.932022998725124
-0.4981239425599744,0.9045538450589934,-0.5652242692730729,2.4009844815856116
-0.6053400474003583,-0.3385838148218663,-0.29613336678863766,0.6813907791361546
0.3322891012290685,-0.12462446244173919,-0.150865734548157,1.5797558497467614
