degree,n_terms,ols_train_mse,ols_val_mse,ols_val_r2,ridge_alpha,ridge_cv_mse,ridge_train_mse,ridge_val_mse,ridge_val_r2
1,6,9.395873118088407,9.975415464370121,0.12930215270349155,100.0,9.635321743029971,9.415023699286612,9.960808695145268,0.1305770953427694
2,27,3.223885050256131,3.5165170621972357,0.6930630260992434,10.0,3.560158493423252,3.2260101240488344,3.5085521547827727,0.6937582380194346
3,83,0.8317955679435013,1.0968320726433336,0.9042637043131295,1.0,1.1688020139799793,0.8319281345548482,1.0963609463678865,0.9043048262729418
4,209,0.41932513041888514,0.7184686384756105,0.9372889180300153,10.0,0.9125297915949948,0.4430838702877866,0.7241756424316137,0.9367907857891324
5,461,0.1323880912707218,1.0832020166706087,0.90545339515221,10.0,0.736710334822229,0.18530641663946393,0.5649131996707071,0.950691907658432
6,923,0.00030093808374386904,528.4017487088892,-45.12121337219825,100.0,0.883195012912352,0.27785509610690284,0.6969539776199087,0.939166811633473
7,1715,0.0003006514769817719,39.5026115566612,-2.4479605353607075,100.0,0.9168786880614022,0.21514590789403398,0.781460481657929,0.9317907147269063
8,3002,0.0003001016058010777,17.53334629969634,-0.530387073458475,100.0,1.033582543434317,0.1763358318283081,0.8283150512591161,0.9277010431705213
9,5004,2.1336597490680656e-24,226111.58974754956,-19735.00750216111,100.0,1.1605769476861811,0.1470592307642531,1.0153722786485233,0.9113738710551397
10,8007,2.8495945641592654e-24,162271.59252205395,-14162.773608325597,100.0,1.2923299664146883,0.124521163718677,0.9956813982819958,0.9130925771288613
